	SRR1039508	SRR1039509	SRR1039512	SRR1039513	SRR1039516	SRR1039517	SRR1039520	SRR1039521
CACNB2	8.0615	11.0874	8.7648	11.4211	7.5314	10.4208	8.3839	11.1387
SPARCL1	7.6981	12.5668	8.1989	11.9341	8.0809	11.8471	8.1053	12.2544
DUSP1	11.1037	13.8656	11.8015	13.8874	11.0966	13.5649	11.2295	13.9315
SAMHD1	12.3978	15.6358	12.5914	16.0039	12.0653	15.0475	12.5045	16.159
MAOA	10.512	13.4282	10.7258	13.3368	10.7755	13.5767	9.6186	12.9585
GPX3	11.5652	15.5149	13.1739	16.2926	12.0912	14.9266	12.5534	15.7944
STEAP2	12.0776	13.5697	12.2407	13.7401	11.4125	13.1112	12.0276	13.4651
NEXN	12.555	14.4566	12.9895	14.42	12.5432	14.2667	12.9411	14.2537
MT2A	12.4171	14.1235	11.9769	13.656	11.8275	14.0436	12.0035	13.4683
ADAMTS1	14.3453	16.7269	15.2917	16.8776	14.7781	16.8791	15.4846	17.0263
FGD4	10.2977	12.0855	10.4075	12.0869	10.3795	12.1453	10.6752	12.5737
PDPN	11.5253	13.0531	10.5473	11.8687	9.1841	10.8661	10.2741	11.5271
VCAM1	11.562	7.5475	11.7763	7.5412	11.8317	8.3661	11.1242	6.2008
PER1	9.2071	12.1273	8.6846	11.4211	9.268	11.6326	8.6915	11.6695
SORT1	12.1961	13.7209	13.08	14.5971	12.7312	14.8153	12.4307	14.3071
KLF15	7.871	11.9446	7.2822	11.1954	6.6329	9.8682	6.908	11.5969
KCTD12	13.9374	11.2704	13.7866	10.4347	13.8001	11.3795	13.8942	10.4375
ADAM12	12.8467	10.667	13.1794	10.5484	12.9301	10.9494	11.9044	9.6761
PRSS35	10.0946	6.9617	11.3824	8.2274	10.9162	7.8955	10.5677	7.1271
CCDC69	10.3165	13.534	11.0872	13.0692	10.0518	12.7497	10.9286	12.9398
CXCL12	17.3002	14.7916	16.1455	13.8862	17.187	14.9632	17.0884	14.6615
DNM1	12.3493	10.2858	11.854	9.5638	11.8694	9.7986	12.3727	10.0219
ACSS1	9.8786	11.4109	10.0596	11.3837	8.9771	10.728	10.3176	11.5293
CCKAR	11.4591	9.2856	12.8068	9.9323	10.4111	7.7233	13.8564	11.0653
TRNP1	10	11.809	10.3981	11.9341	10.2585	11.8804	10.9413	12.1625
PTX3	12.8467	14.9048	13.8606	14.9956	12.4468	14.5658	13.5406	15.4919
DNAJB4	11.2	12.3548	11.4777	12.4593	11.3096	12.5418	11.1463	12.0758
SOX4	13.003	10.2405	12.563	9.2762	12.8889	10.7034	12.6417	9.4309
ADARB1	9.594	11.5039	11.7006	12.9514	11.4153	13.7215	10.8309	12.8636
STOM	14.3011	15.5151	14.3418	15.0748	14.2159	15.3007	14.2179	15.2031
ERRFI1	11.4317	13.1856	11.8902	13.8235	11.9798	13.8675	11.3754	13.7251
SYNPO2	13.385	14.7531	13.9896	14.8344	13.8449	15.4175	12.8941	14.3129
INHBB	6.6711	9.7364	7.5546	9.9759	8.3652	12.2555	7.64	10.105
NNMT	13.0666	15.1416	13.3908	14.6235	13.3442	15.0177	12.5845	14.581
WNT2	10.8612	7.1546	12.178	8.4775	8.1642	5.6052	10.3675	6.7524
FSTL3	11.8678	13.6446	11.6125	12.6734	10.8818	12.2304	11.7248	13.0153
RASL11A	9.8685	11.7442	10.553	12.1718	8.9771	10.6391	10.1437	12.3273
TJP2	12.4626	13.7849	13.2253	14.5645	12.5847	14.0981	12.5334	14.295
TEX2	12.3197	13.2166	12.8104	13.7509	12.5348	13.8263	12.8563	13.8102
GXYLT2	11.8906	9.9422	12.1642	10.0505	11.6403	9.7091	11.7278	9.6721
LAMA2	14.1673	16.178	14.773	15.8848	13.8399	15.3193	14.6814	16.4269
PLXNA4	8.9615	10.764	8.6949	10.5516	10.442	13.3607	8.0311	10.6493
COL11A1	7.5533	9.4106	9.7206	11.2359	7.7083	10.0406	8.3988	10.5992
TIMP4	6.7171	9.6104	6.7234	8.9559	7.5726	10.0921	6.8659	9.17
KCNK6	8.1312	9.9024	9.1994	11.1195	8.8404	11.8546	8.7505	11.042
SUN2	11.7945	13.4039	11.7931	12.9992	11.0279	12.2718	11.6709	13.2637
LHFPL2	13.5372	11.9016	13.0975	11.2849	13.0078	11.5402	13.0688	11.2565
HSPA2	7.8912	9.9681	9.1101	10.5958	9.4504	12.1026	7.8702	9.6228
COL1A1	18.8507	17.2437	18.8215	16.9139	18.903	17.4786	18.8226	16.767
PHC2	12.2675	13.25	12.3576	13.1624	12.3531	13.3533	12.1509	13.1403
ADAMTS14	12.0995	9.2718	12.1277	8.6311	12.3612	10.211	11.8174	8.4508
FAM107A	5.4065	9.6747	6.7234	10.558	2.4428	6.9901	4.0497	8.7929
TSC22D1	13.0843	14.0692	13.6648	14.1756	13.5187	14.4567	13.2682	13.8664
HIF3A	7.1453	9.2152	7.7446	9.7374	6.511	8.6671	8.3231	10.3239
TCEAL4	12.1264	13.3412	12.48	13.6497	12.4075	13.5196	12.2585	13.1429
SLC6A6	11.8969	9.3395	12.4286	9.6077	11.6703	9.7609	11.7292	8.7323
IGDCC4	11.0818	8.6479	9.9133	7.054	11.7711	9.5265	10.29	7.2184
CRISPLD2	11.3335	14.0649	11.7457	13.7786	11.2168	12.8144	11.2805	13.6515
CDC42EP3	10.6637	11.8327	11.7979	12.68	11.0334	12.095	11.0154	12.1509
IMPA2	9.3817	10.7689	9.7989	11.5773	9.1368	11.5055	9.2448	11.2086
TBX18	13.7714	11.6803	13.6308	11.1021	13.8818	12.158	13.8248	11.0545
STEAP1	11.5636	12.7764	11.6394	12.7668	11.4139	12.8492	11.925	12.6423
INPP5A	10.8037	11.7278	11.4522	12.3657	10.5568	11.6746	11.5416	12.3254
RAB11FIP1	10.5727	11.6959	11.9146	12.5845	11.7689	13.1883	11.0463	12.2442
CCN3	10.991	7.6788	11.5545	8.6552	10.4025	8.1105	11.7583	8.2917
SLC6A9	10.1834	7.6146	10.3273	7.2246	10.1939	7.907	10.4265	7.7026
FST	13.324	10.9704	14.4612	11.7647	13.9044	12.3043	13.4921	11.1328
PPP1R14A	6.6711	9.3527	8.544	10.2215	7.5522	10.6597	6.7318	9.057
VGLL3	14.2708	15.4379	15.0525	15.5112	14.0176	15.1985	14.6248	15.5081
ZBTB16	3.9979	11.1031	4.1258	10.486	2.4428	10.1221	5.465	11.3133
AMOT	11.4506	9.2578	10.5042	7.2876	11.2054	8.271	10.8445	7.9086
MEST	11.244	9.0711	12.7562	10.5452	11.3531	8.8871	11.0178	8.6444
ENDOD1	11.0439	12.3132	11.7641	13.0375	11.2521	13.4445	11.5078	12.6949
CDKN1A	15.5552	14.2188	14.8613	13.1635	15.1208	13.8622	14.7609	13.2475
GDF15	11.5824	9.2648	10.5416	8.0206	11.2345	9.4338	11.1875	8.577
FOXO1	9.6952	11.5201	9.4136	11.3117	9.3354	10.741	9.7971	11.7832
ACSL1	11.0371	12.2495	11.0597	12.3335	11.2835	12.3605	11.4305	12.5045
EOGT	11.4574	12.4235	11.8665	12.5544	11.9361	13.0284	11.7712	12.2936
